ID,Price
12001,565.55
12002,382.78
12003,33.11
12004,558.36
12005,375.19
12006,33.61
12007,568.54
12008,376.25
12009,33.22
12010,563.43
12011,383.24
12012,37.69
12013,550.5
12014,394.97
12015,28.88
12016,548.99
12017,377.65
12018,31.52
12019,543.77
12020,393.96
12021,44.58
12022,540.46
12023,402.19
12024,41.25
12025,545.02
12026,412.2
12027,28.8
12028,578.09
12029,393.92
12030,30.62
12031,573.67
12032,404.2
12033,43.08
12034,564.9
12035,397.39
12036,46.44
12037,560.09
12038,394.08
12039,29.29
12040,556.52
12041,395.37
12042,42.29
12043,560.02
12044,390.79
12045,41.41
12046,543.13
12047,390.97
12048,47.16
12049,537.98
12050,402.44
12051,28.91
12052,545.93
12053,401.63
12054,45.13
12055,547.03
12056,401.03
12057,45.41
12058,537.46
12059,396.92
12060,38.76
12061,533.52
12062,397.01
12063,39.53
12064,529.94
12065,406.66
12066,41.04
12067,530.73
12068,391.98
12069,24.98
12070,546.39
12071,406.54
12072,31.78
12073,554.36
12074,386.87
12075,40.76
12076,559.25
12077,404.8
12078,45.89
12079,544.67
12080,406.61
12081,33.38
12082,555.07
12083,417.05
12084,26.17
12085,547.51
12086,404.05
12087,36.26
12088,550.56
12089,405.95
12090,34.98
12091,552.46
12092,401.86
12093,37.13
12094,550.14
12095,391.56
12096,37.52
12097,550.99
12098,386.94
12099,35.72
12100,511.27
12101,388.16
12102,36.76
12103,504.58
12104,384.73
12105,37.7
12106,501.45
12107,395.57
12108,37.6
12109,498.7
12110,367.66
12111,39.32
12112,502.49
12113,352.98
12114,35.18
12115,508.33
12116,350.78
12117,34.98
12118,510.54
12119,346.21
12120,34.73
12121,512.51
12122,350.57
12123,35.76
12124,520.97
12125,359.17
12126,36.25
12127,527.92
12128,361.58
12129,36.93
12130,535.44
12131,361.75
12132,36.99
12133,538.2
12134,351.41
12135,37.39
12136,541.45
12137,351.74
12138,37.86
12139,543.27
12140,356.2
12141,38.67
12142,546.4
12143,352.89
12144,37.17
12145,538.65
12146,348.44
12147,37.82
12148,532.48
12149,347.66
12150,38.73
12151,528.51
12152,349.2
12153,37.41
12154,525.14
12155,348.87
12156,36.87
12157,524.63
12158,353.89
12159,36.44
12160,519.46
12161,358.07
12162,36.41
12163,522.53
12164,357.98
12165,38.6
12166,526.98
12167,362.45
12168,39.27
12169,526.91
12170,359.17
12171,36.68
12172,530.66
12173,364.47
12174,39.49
12175,532.45
12176,369.98
12177,38.25
12178,532.5
12179,373.69
12180,38.83
12181,531.96
12182,374.77
12183,37.18
12184,532.3
12185,372.82
12186,36.8
12187,536.95
12188,371.43
12189,38.39
12190,537.85
12191,369.35
12192,39.89
12193,534.74
12194,376.48
12195,35.76
12196,528.03
12197,376.73
12198,36.14
12199,528.42
12200,377.87
12201,37.98
12202,530.06
12203,379.55
12204,40.33
12205,532.94
12206,375.3
12207,39.02
12208,530.77
12209,371.51
12210,40.57
12211,532.96
12212,365.85
12213,39.6
12214,540.45
12215,357.88
12216,40.63
12217,545.31
12218,356.74
12219,40.2
12220,546.73
12221,351.97
12222,38.68
12223,542.62
12224,342.04
12225,37.39
12226,541.12
12227,342.02
12228,40.63
12229,542.01
12230,340.31
12231,41.21
12232,543.69
12233,341.22
12234,41.44
12235,545.66
12236,344.93
12237,40.81
12238,542.03
12239,336.21
12240,40.12
12241,536.32
12242,327.61
12243,37.7
12244,528.53
12245,322.68
12246,38.33
12247,525.49
12248,324.42
12249,39.26
12250,528.16
12251,329.4
12252,40.71
12253,528.68
12254,324.9
12255,37.62
12256,523.05
12257,316.69
12258,37.72
12259,523.39
12260,318.27
12261,37.8
12262,520.41
12263,316.17
12264,39.59
12265,520.61
12266,321.24
12267,41.37
12268,524.79
12269,323.56
12270,39.95
12271,535.7
12272,326.58
12273,39.24
12274,522.75
12275,332.15
12276,39.96
12277,550.42
12278,329.0
12279,39.13
12280,572.94
12281,333.44
12282,41.07
12283,566.91
12284,298.58
12285,39.13
12286,582.34
12287,305.38
12288,41.35
12289,587.17
12290,298.39
12291,39.74
12292,590.73
12293,299.55
12294,39.97
12295,590.18
12296,304.92
12297,38.7
12298,590.63
12299,309.45
12300,38.05
12301,595.08
12302,309.23
12303,38.4
12304,596.94
12305,302.41
12306,38.44
12307,592.5
12308,295.12
12309,40.18
12310,587.61
12311,292.13
12312,40.31
12313,584.36
12314,291.45
12315,39.22
12316,590.59
12317,299.11
12318,40.31
12319,593.36
12320,303.99
12321,41.47
12322,594.47
12323,300.17
12324,40.66
12325,592.56
12326,296.08
12327,38.34
12328,594.04
12329,294.79
12330,40.33
12331,601.56
12332,295.41
12333,40.17
12334,603.66
12335,299.84
12336,39.73
12337,605.49
12338,303.37
12339,42.55
12340,607.73
12341,304.93
12342,40.67
12343,611.68
12344,309.39
12345,40.33
12346,620.57
12347,312.05
12348,41.77
12349,624.25
12350,310.96
12351,39.93
12352,631.01
12353,313.21
12354,42.87
12355,635.95
12356,312.57
12357,42.94
12358,632.36
12359,310.62
12360,41.12
12361,633.88
12362,308.15
12363,39.8
12364,656.35
12365,308.2
12366,40.93
12367,644.57
12368,321.0
12369,44.09
12370,559.82
12371,327.1
12372,43.02
12373,89.25
12374,330.25
12375,42.23
12376,117.44
12377,331.61
12378,42.03
12379,92.29
12380,336.15
12381,40.99
12382,94.28
12383,328.99
12384,41.03
12385,96.2
12386,327.68
12387,43.28
12388,94.8
12389,326.58
12390,43.4
12391,91.2
12392,327.46
12393,43.2
12394,91.58
12395,334.23
12396,43.08
12397,83.35
12398,333.17
12399,42.58
12400,90.83
12401,327.24
12402,48.99
12403,90.01
12404,321.16
12405,51.74
12406,89.15
12407,329.44
12408,39.03
12409,88.9
12410,328.76
12411,44.76
12412,93.98
12413,329.93
12414,41.57
12415,87.43
12416,328.8
12417,44.64
12418,85.95
12419,328.61
12420,40.55
12421,86.43
12422,334.06
12423,42.06
12424,86.78
12425,335.76
12426,42.67
12427,88.54
12428,338.37
12429,41.45
12430,90.63
12431,337.68
12432,43.05
12433,90.22
12434,328.5
12435,40.94
12436,91.22
12437,328.59
12438,39.08
12439,90.55
12440,327.48
12441,42.91
12442,91.34
12443,342.04
12444,44.46
12445,93.87
12446,350.8
12447,42.52
12448,91.11
12449,353.49
12450,43.65
12451,91.01
12452,356.72
12453,44.33
12454,89.67
12455,355.15
12456,43.77
12457,93.07
12458,358.46
12459,44.67
12460,92.9
12461,359.71
12462,45.08
12463,94.67
12464,359.19
12465,44.65
12466,98.62
12467,358.8
12468,43.84
12469,99.2
12470,360.62
12471,42.97
12472,100.59
12473,321.05
12474,42.95
12475,102.03
12476,319.78
12477,42.12
12478,101.16
12479,319.32
12480,42.56
12481,100.85
12482,319.79
12483,42.01
12484,97.19
12485,314.27
12486,41.2
12487,97.94
12488,308.89
12489,41.83
12490,96.83
12491,310.2
12492,43.77
12493,96.52
12494,310.84
12495,41.79
12496,96.46
12497,311.28
12498,42.65
12499,95.59
12500,312.35
12501,44.18
12502,97.44
12503,316.12
12504,43.04
12505,99.73
12506,318.17
12507,43.51
12508,98.42
12509,319.47
12510,44.81
12511,100.36
12512,326.51
12513,44.93
12514,100.62
12515,330.08
12516,44.91
12517,100.75
12518,332.54
12519,45.68
12520,102.2
12521,334.83
12522,46.17
12523,102.82
12524,334.11
12525,46.43
12526,102.88
12527,335.41
12528,44.89
12529,103.52
12530,333.33
12531,46.87
12532,104.49
12533,331.62
12534,45.16
12535,103.96
12536,334.16
12537,44.83
12538,102.84
12539,340.71
12540,43.78
12541,105.69
12542,342.94
12543,43.42
12544,105.0
12545,340.43
12546,43.8
12547,104.95
12548,339.63
12549,47.56
12550,105.94
12551,342.4
12552,44.15
12553,100.09
12554,341.29
12555,44.71
12556,100.18
12557,347.48
12558,46.63
12559,101.15
12560,347.74
12561,48.09
12562,100.04
12563,344.97
12564,47.01
12565,101.53
12566,336.47
12567,47.23
12568,103.62
12569,335.13
12570,47.58
12571,102.97
12572,332.48
12573,48.35
12574,103.83
12575,332.42
12576,46.88
12577,104.73
12578,326.78
12579,45.62
12580,102.85
12581,326.64
12582,48.35
12583,103.55
12584,325.75
12585,47.1
12586,104.9
12587,326.47
12588,47.44
12589,103.15
12590,331.73
12591,48.36
12592,102.89
12593,326.3
12594,45.73
12595,105.39
12596,325.04
12597,44.78
12598,103.2
12599,328.35
12600,47.55
12601,99.5
12602,326.32
12603,43.4
12604,102.64
12605,324.64
12606,45.89
12607,101.75
12608,323.42
12609,46.35
12610,102.83
12611,323.55
12612,45.09
12613,100.9
12614,320.59
12615,43.51
12616,101.28
12617,319.95
12618,44.25
12619,100.67
12620,323.04
12621,45.36
12622,101.49
12623,324.07
12624,45.47
12625,100.03
12626,320.13
12627,44.09
12628,103.64
12629,320.24
12630,48.61
12631,102.59
12632,317.03
12633,43.82
12634,102.52
12635,306.45
12636,52.65
12637,91.75
12638,298.31
12639,37.73
12640,99.61
12641,308.21
12642,42.89
12643,100.31
12644,304.02
12645,43.9
12646,98.81
12647,299.24
12648,42.93
12649,98.97
12650,302.41
12651,43.34
12652,101.4
12653,303.37
12654,44.5
12655,104.1
12656,311.7
12657,45.58
12658,104.94
12659,314.77
12660,44.55
12661,106.38
12662,314.13
12663,45.63
12664,107.08
12665,286.83
12666,46.4
12667,107.44
12668,285.38
12669,46.22
12670,108.62
12671,290.58
12672,47.25
12673,109.03
12674,294.15
12675,47.04
12676,108.41
12677,296.35
12678,45.5
12679,110.09
12680,301.74
12681,48.23
12682,110.18
12683,304.32
12684,48.84
12685,109.33
12686,302.98
12687,48.68
12688,110.35
12689,297.15
12690,49.34
12691,110.01
12692,295.32
12693,49.45
12694,110.13
12695,299.59
12696,49.16
12697,110.45
12698,303.93
12699,49.92
12700,112.45
12701,308.81
12702,49.83
12703,112.6
12704,310.09
12705,49.68
12706,113.64
12707,315.35
12708,51.21
12709,115.41
12710,324.1
12711,49.16
12712,114.31
12713,325.78
12714,49.37
12715,115.67
12716,327.41
12717,47.37
12718,114.92
12719,328.3
12720,47.37
12721,117.58
12722,331.29
12723,49.0
12724,117.19
12725,335.2
12726,47.07
12727,119.98
12728,336.45
12729,46.6
12730,118.36
12731,335.26
12732,46.25
12733,120.62
12734,334.83
12735,47.23
12736,120.3
12737,339.57
12738,47.24
12739,116.47
12740,330.2
12741,49.88
12742,115.09
12743,327.67
12744,48.24
12745,116.59
12746,321.34
12747,47.54
12748,116.52
12749,318.71
12750,50.28
12751,116.5
12752,316.77
12753,48.09
12754,113.67
12755,311.5
12756,46.74
12757,114.58
12758,308.69
12759,47.5
12760,113.22
12761,309.02
12762,45.6
12763,112.94
12764,309.23
12765,46.08
12766,110.52
12767,306.74
12768,45.85
12769,109.67
12770,306.54
12771,44.01
12772,108.35
12773,300.4
12774,44.34
12775,109.45
12776,299.58
12777,45.71
12778,112.8
12779,301.48
12780,48.13
12781,112.43
12782,301.49
12783,48.12
12784,113.16
12785,306.76
12786,48.48
12787,113.8
12788,308.41
12789,48.73
12790,112.63
12791,306.61
12792,47.86
12793,116.01
12794,309.83
12795,47.63
12796,114.64
12797,312.07
12798,47.1
12799,111.12
12800,311.55
12801,46.21
12802,110.62
12803,312.07
12804,45.38
12805,110.25
12806,309.99
12807,45.54
12808,107.6
12809,304.03
12810,44.61
12811,107.27
12812,297.81
12813,44.3
12814,108.3
12815,297.16
12816,45.88
12817,112.49
12818,298.38
12819,47.77
12820,113.23
12821,298.24
12822,46.18
12823,111.08
12824,293.39
12825,45.49
12826,111.09
12827,296.0
12828,44.93
12829,110.22
12830,291.59
12831,44.57
12832,108.23
12833,289.53
12834,43.95
12835,107.43
12836,289.11
12837,46.1
12838,109.26
12839,290.37
12840,44.97
12841,110.47
12842,298.16
12843,44.5
12844,113.08
12845,307.19
12846,47.82
12847,113.97
12848,311.51
12849,47.77
12850,114.23
12851,312.09
12852,47.45
12853,110.22
12854,308.51
12855,42.31
12856,117.76
12857,307.73
12858,41.06
12859,120.51
12860,308.08
12861,42.05
12862,119.39
12863,364.47
12864,40.45
12865,119.81
12866,352.17
12867,41.37
12868,119.29
12869,356.67
12870,41.41
12871,120.22
12872,356.54
12873,42.14
12874,120.94
12875,364.38
12876,43.23
12877,119.49
12878,368.13
12879,43.01
12880,120.21
12881,366.26
12882,42.88
12883,123.02
12884,367.82
12885,44.11
12886,124.36
12887,369.89
12888,42.49
12889,125.9
12890,373.14
12891,44.79
12892,127.08
12893,375.95
12894,45.14
12895,127.99
12896,372.82
12897,43.93
12898,129.06
12899,371.93
12900,44.37
12901,128.74
12902,377.21
12903,44.77
12904,130.03
12905,381.47
12906,46.11
12907,132.08
12908,381.07
12909,46.7
12910,131.95
12911,379.98
12912,45.42
12913,128.66
12914,385.12
12915,45.08
12916,129.81
12917,386.8
12918,45.52
12919,128.27
12920,383.84
12921,43.29
12922,129.02
12923,385.79
12924,44.61
12925,129.83
12926,385.42
12927,42.59
12928,128.47
12929,385.59
12930,42.07
12931,126.0
12932,389.46
12933,42.59
12934,126.99
12935,381.9
12936,41.84
12937,127.68
12938,379.21
12939,43.39
12940,125.32
12941,373.99
12942,40.38
12943,123.87
12944,370.4
12945,40.69
12946,125.2
12947,372.21
12948,40.95
12949,124.27
12950,371.67
12951,41.82
12952,125.69
12953,373.14
12954,41.07
12955,128.44
12956,372.71
12957,41.74
12958,129.2
12959,372.79
12960,42.95
12961,128.96
12962,373.17
12963,42.5
12964,127.35
12965,377.91
12966,43.78
12967,127.95
12968,377.93
12969,43.96
12970,127.54
12971,375.36
12972,43.62
12973,123.92
12974,375.22
12975,39.45
12976,123.78
12977,370.83
12978,40.99
12979,122.38
12980,371.27
12981,39.93
12982,126.26
12983,374.55
12984,39.67
12985,124.64
12986,374.21
12987,39.4
12988,124.03
12989,372.24
12990,40.81
12991,125.8
12992,372.59
12993,39.19
12994,128.84
12995,377.6
12996,43.21
12997,126.78
12998,377.09
12999,41.68
13000,135.56
13001,389.54
13002,42.48
13003,136.1
13004,383.43
13005,42.28
13006,117.58
13007,385.29
13008,42.67
13009,127.64
13010,384.87
13011,42.26
13012,127.36
13013,386.7
13014,41.25
13015,127.86
13016,385.49
13017,42.73
13018,126.93
13019,388.66
13020,42.5
13021,125.2
13022,379.43
13023,41.31
13024,129.74
13025,386.76
13026,44.72
13027,127.56
13028,390.33
13029,42.87
13030,130.21
13031,391.12
13032,44.01
13033,130.56
13034,390.41
13035,44.12
13036,131.17
13037,435.56
13038,46.95
13039,133.3
13040,440.24
13041,47.34
13042,131.27
13043,434.67
13044,48.17
13045,128.74
13046,429.63
13047,48.12
13048,126.18
13049,423.08
13050,47.58
13051,128.57
13052,422.49
13053,48.0
13054,128.89
13055,424.92
13056,47.18
13057,126.01
13058,421.45
13059,45.93
13060,125.12
13061,418.44
13062,45.28
13063,124.94
13064,424.93
13065,45.31
13066,126.83
13067,429.11
13068,47.43
13069,126.43
13070,432.09
13071,47.29
13072,126.13
13073,430.67
13074,47.84
13075,125.93
13076,429.45
13077,47.52
13078,129.56
13079,431.15
13080,49.75
13081,129.75
13082,427.09
13083,48.97
13084,130.9
13085,425.3
13086,48.79
13087,130.54
13088,423.77
13089,46.72
13090,130.79
13091,423.05
13092,46.91
13093,132.42
13094,430.81
13095,46.69
13096,133.33
13097,431.17
13098,45.74
13099,128.64
13100,426.83
13101,46.27
13102,132.93
13103,431.08
13104,49.65
13105,132.27
13106,429.5
13107,47.55
13108,129.79
13109,431.63
13110,45.6
13111,130.5
13112,431.88
13113,47.4
13114,129.22
13115,431.74
13116,45.72
13117,129.26
13118,436.9
13119,45.2
13120,128.98
13121,432.76
13122,45.1
13123,127.77
13124,428.89
13125,44.88
13126,127.77
13127,424.94
13128,43.99
13129,127.78
13130,424.67
13131,44.25
13132,129.32
13133,428.94
13134,46.99
13135,128.7
13136,433.42
13137,45.54
13138,126.92
13139,431.1
13140,44.32
13141,126.74
13142,425.7
13143,44.74
13144,127.46
13145,425.8
13146,45.57
13147,127.5
13148,427.99
13149,45.87
13150,129.34
13151,436.74
13152,48.0
13153,126.21
13154,439.0
13155,45.65
13156,128.32
13157,439.58
13158,45.83
13159,127.56
13160,445.59
13161,45.47
13162,128.98
13163,445.63
13164,44.3
13165,126.92
13166,442.21
13167,44.17
13168,125.97
13169,441.44
13170,44.08
13171,124.45
13172,434.57
13173,42.84
13174,125.23
13175,435.78
13176,43.1
13177,126.52
13178,440.23
13179,43.42
13180,126.7
13181,438.58
13182,42.96
13183,126.63
13184,438.33
13185,43.67
13186,125.87
13187,434.81
13188,43.77
13189,122.52
13190,432.74
13191,43.38
13192,121.91
13193,435.67
13194,44.06
13195,124.13
13196,442.52
13197,44.15
13198,125.98
13199,451.94
13200,46.43
13201,126.19
13202,462.09
13203,45.75
13204,126.93
13205,463.47
13206,45.82
13207,127.83
13208,470.98
13209,46.87
13210,129.6
13211,479.01
13212,46.82
13213,132.19
13214,487.54
13215,47.34
13216,131.35
13217,487.31
13218,48.38
13219,123.66
13220,488.69
13221,44.31
13222,124.41
13223,483.46
13224,46.12
13225,124.21
13226,531.41
13227,45.48
13228,122.21
13229,544.14
13230,43.87
13231,122.77
13232,539.84
13233,44.8
13234,122.39
13235,537.73
13236,47.42
13237,121.73
13238,539.19
13239,46.84
13240,120.29
13241,543.86
13242,46.6
13243,118.8
13244,540.06
13245,46.85
13246,116.03
13247,537.65
13248,48.24
13249,115.92
13250,542.49
13251,46.92
13252,115.06
13253,538.45
13254,45.02
13255,115.02
13256,528.18
13257,46.06
13258,119.35
13259,531.86
13260,47.36
13261,114.1
13262,530.64
13263,45.84
13264,114.23
13265,524.79
13266,47.1
13267,114.64
13268,530.66
13269,46.1
13270,114.79
13271,533.22
13272,47.43
13273,117.06
13274,532.02
13275,48.45
13276,116.91
13277,536.88
13278,47.75
13279,113.83
13280,508.78
13281,44.68
13282,112.97
13283,489.47
13284,44.14
13285,107.59
13286,480.78
13287,43.42
13288,99.17
13289,457.37
13290,43.67
13291,102.68
13292,469.51
13293,41.36
13294,105.18
13295,480.91
13296,42.89
13297,108.93
13298,502.59
13299,43.92
13300,109.33
13301,507.12
13302,44.42
13303,110.03
13304,506.1
13305,43.68
13306,106.04
13307,490.75
13308,41.14
13309,109.13
13310,494.84
13311,43.86
13312,108.98
13313,501.18
13314,44.3
13315,107.5
13316,493.12
13317,42.4
13318,111.28
13319,506.83
13320,44.8
13321,108.75
13322,518.47
13323,42.31
13324,111.36
13325,516.46
13326,42.93
13327,113.66
13328,519.99
13329,44.03
13330,114.21
13331,523.38
13332,41.67
13333,116.11
13334,523.19
13335,45.33
13336,116.78
13337,526.2
13338,45.76
13339,113.53
13340,536.39
13341,43.79
13342,112.94
13343,538.74
13344,42.99
13345,115.37
13346,545.99
13347,44.52
13348,112.69
13349,539.86
13350,43.97
13351,113.87
13352,538.21
13353,43.21
13354,114.83
13355,530.75
13356,44.47
13357,114.1
13358,536.34
13359,43.23
13360,111.5
13361,514.32
13362,41.54
13363,109.93
13364,507.71
13365,43.14
13366,110.09
13367,508.95
13368,45.54
13369,108.7
13370,515.65
13371,46.01
13372,109.52
13373,524.08
13374,47.4
13375,109.46
13376,537.6
13377,47.19
13378,111.27
13379,544.85
13380,47.24
13381,111.04
13382,544.04
13383,47.55
13384,109.61
13385,537.32
13386,48.83
13387,113.28
13388,537.43
13389,47.51
13390,112.56
13391,545.32
13392,47.95
13393,112.68
13394,548.94
13395,47.4
13396,110.41
13397,547.92
13398,45.35
13399,102.04
13400,572.76
13401,37.51
13402,111.25
13403,580.15
13404,49.56
13405,113.29
13406,562.88
13407,48.18
13408,114.51
13409,562.55
13410,48.88
13411,114.11
13412,559.13
13413,46.11
13414,116.4
13415,562.95
13416,47.93
13417,119.18
13418,604.6
13419,52.66
13420,115.8
13421,606.27
13422,53.97
13423,114.78
13424,609.55
13425,53.56
13426,120.35
13427,612.77
13428,53.84
13429,120.8
13430,621.36
13431,52.67
13432,120.19
13433,624.6
13434,50.88
13435,121.77
13436,623.56
13437,52.67
13438,122.19
13439,625.63
13440,55.07
13441,121.95
13442,636.82
13443,53.96
13444,121.28
13445,648.01
13446,53.62
13447,120.96
13448,652.18
13449,55.4
13450,119.46
13451,653.24
13452,53.28
13453,116.43
13454,653.82
13455,52.04
13456,115.75
13457,665.48
13458,52.76
13459,115.02
13460,667.77
13461,43.84
13462,107.17
13463,649.81
13464,60.76
13465,107.69
13466,633.3
13467,54.76
13468,113.79
13469,639.89
13470,51.29
13471,117.78
13472,648.24
13473,54.6
13474,119.44
13475,657.87
13476,53.06
13477,119.99
13478,660.91
13479,53.84
13480,118.43
13481,672.3
13482,54.28
13483,119.83
13484,670.95
13485,54.96
13486,117.54
13487,674.1
13488,52.44
13489,117.27
13490,676.23
13491,54.21
13492,118.41
13493,670.06
13494,53.76
13495,116.31
13496,675.64
13497,56.89
13498,115.28
13499,677.56
13500,54.76
13501,115.34
13502,668.72
13503,51.9
13504,119.91
13505,666.7
13506,56.8
13507,118.75
13508,668.04
13509,56.21
13510,118.67
13511,670.54
13512,56.12
13513,115.37
13514,670.82
13515,54.31
13516,115.42
13517,668.42
13518,54.53
13519,113.27
13520,650.25
13521,52.56
13522,112.87
13523,647.89
13524,56.06
13525,110.82
13526,660.29
13527,55.22
13528,111.35
13529,666.71
13530,57.0
13531,109.2
13532,673.29
13533,55.15
13534,107.95
13535,668.02
13536,52.87
13537,108.43
13538,663.59
13539,54.45
13540,108.34
13541,664.74
13542,55.84
13543,109.27
13544,662.7
13545,56.13
13546,109.1
13547,662.59
13548,56.13
13549,107.06
13550,670.89
13551,57.12
13552,110.01
13553,685.86
13554,56.75
13555,107.89
13556,688.86
13557,56.63
13558,105.53
13559,681.67
13560,55.18
13561,106.44
13562,640.73
13563,55.91
13564,103.28
13565,638.25
13566,55.84
13567,101.98
13568,628.0
13569,54.12
13570,99.05
13571,615.07
13572,51.92
13573,98.67
13574,614.15
13575,51.57
13576,99.7
13577,610.57
13578,52.18
13579,101.37
13580,617.24
13581,52.97
13582,98.03
13583,595.82
13584,49.92
13585,99.78
13586,584.28
13587,53.22
13588,88.66
13589,576.48
13590,57.56
13591,96.79
13592,578.77
13593,51.79
13594,97.08
13595,565.82
13596,50.76
13597,96.38
13598,572.33
13599,49.44
13600,101.54
13601,584.91
13602,52.92
13603,101.05
13604,593.75
13605,51.95
13606,100.69
13607,595.6
13608,51.91
13609,93.76
13610,586.85
13611,49.91
13612,94.02
13613,613.04
13614,51.87
13615,97.0
13616,584.35
13617,55.44
13618,96.41
13619,582.02
13620,55.16
13621,94.25
13622,542.95
13623,52.21
13624,96.64
13625,535.26
13626,51.36
13627,96.15
13628,534.66
13629,51.24
13630,93.33
13631,518.95
13632,50.43
13633,95.09
13634,494.2
13635,49.92
13636,94.57
13637,490.79
13638,49.06
13639,93.68
13640,496.48
13641,49.35
13642,93.42
13643,501.2
13644,49.85
13645,93.47
13646,513.36
13647,51.15
13648,97.11
13649,521.16
13650,51.53
13651,98.92
13652,532.71
13653,52.37
13654,96.9
13655,538.78
13656,52.5
13657,96.39
13658,530.88
13659,51.94
13660,97.2
13661,547.41
13662,53.51
13663,94.53
13664,553.02
13665,49.68
13666,96.37
13667,545.51
13668,52.07
13669,97.67
13670,550.14
13671,53.14
13672,97.27
13673,555.05
13674,50.97
13675,97.34
13676,555.64
13677,50.88
13678,100.99
13679,566.49
13680,54.78
13681,101.65
13682,575.43
13683,54.4
13684,102.53
13685,576.5
13686,52.87
13687,103.45
13688,577.28
13689,52.24
13690,102.19
13691,564.17
13692,50.0
13693,101.34
13694,559.14
13695,52.07
13696,101.46
13697,558.31
13698,55.14
13699,101.51
13700,563.81
13701,52.41
13702,103.68
13703,569.02
13704,54.38
13705,104.09
13706,572.99
13707,54.16
13708,105.04
13709,577.2
13710,55.13
13711,106.26
13712,578.59
13713,55.3
13714,106.35
13715,566.93
13716,55.45
13717,106.72
13718,559.28
13719,52.79
13720,106.13
13721,552.67
13722,54.74
13723,107.3
13724,555.88
13725,54.81
13726,105.85
13727,565.97
13728,54.25
13729,105.15
13730,574.61
13731,54.86
13732,104.11
13733,580.69
13734,52.51
13735,109.31
13736,588.37
13737,56.18
13738,109.78
13739,596.8
13740,55.52
13741,109.43
13742,596.41
13743,55.52
13744,110.8
13745,594.06
13746,56.47
13747,111.59
13748,595.27
13749,56.14
13750,109.9
13751,589.27
13752,52.98
13753,111.91
13754,596.96
13755,56.15
13756,108.4
13757,595.91
13758,53.25
13759,108.38
13760,596.66
13761,53.4
13762,109.69
13763,599.86
13764,53.05
13765,111.34
13766,601.62
13767,54.97
13768,112.53
13769,610.9
13770,56.08
13771,112.65
13772,617.66
13773,55.79
13774,108.88
13775,622.63
13776,55.68
13777,107.28
13778,629.86
13779,56.73
13780,107.25
13781,630.41
13782,56.54
13783,107.41
13784,631.87
13785,55.08
13786,106.06
13787,631.19
13788,55.84
13789,105.9
13790,618.6
13791,52.14
13792,104.84
13793,617.96
13794,52.14
13795,104.16
13796,618.06
13797,50.78
13798,98.99
13799,606.06
13800,49.97
13801,96.46
13802,611.63
13803,49.52
13804,95.33
13805,655.1
13806,49.89
13807,94.92
13808,670.52
13809,50.33
13810,96.6
13811,673.3
13812,48.96
13813,95.24
13814,665.67
13815,49.65
13816,94.49
13817,663.3
13818,50.03
13819,94.22
13820,663.01
13821,51.51
13822,94.51
13823,674.25
13824,50.15
13825,94.91
13826,689.9
13827,52.59
13828,93.55
13829,703.76
13830,50.81
13831,91.83
13832,711.18
13833,52.3
13834,91.96
13835,706.73
13836,50.44
13837,95.33
13838,704.92
13839,53.02
13840,95.11
13841,699.34
13842,48.02
13843,96.25
13844,693.5
13845,50.29
13846,95.56
13847,692.67
13848,49.68
13849,96.7
13850,700.86
13851,50.22
13852,97.34
13853,699.38
13854,48.56
13855,99.04
13856,701.64
13857,52.74
13858,100.14
13859,706.21
13860,52.69
13861,100.99
13862,711.21
13863,52.23
13864,101.14
13865,714.29
13866,53.36
13867,100.24
13868,719.77
13869,54.13
13870,97.87
13871,720.98
13872,53.82
13873,98.0
13874,724.04
13875,53.17
13876,98.59
13877,725.25
13878,51.02
13879,99.19
13880,727.3
13881,52.74
13882,98.84
13883,725.12
13884,52.45
13885,98.71
13886,727.11
13887,52.11
13888,99.8
13889,725.66
13890,50.22
13891,98.82
13892,718.32
13893,50.82
13894,96.96
13895,713.93
13896,50.5
13897,97.54
13898,714.96
13899,49.47
13900,96.59
13901,716.58
13902,48.97
13903,98.14
13904,713.3
13905,50.28
13906,95.11
13907,709.35
13908,50.37
13909,94.37
13910,712.05
13911,49.02
13912,95.89
13913,713.62
13914,51.59
13915,94.67
13916,710.53
13917,50.69
13918,96.12
13919,716.05
13920,52.31
13921,93.18
13922,695.25
13923,48.71
13924,91.47
13925,667.04
13926,47.9
13927,94.05
13928,698.32
13929,49.64
13930,94.93
13931,710.45
13932,51.03
13933,96.46
13934,713.47
13935,52.06
13936,96.61
13937,719.6
13938,51.55
13939,94.98
13940,722.09
13941,51.29
13942,96.28
13943,729.99
13944,52.34
13945,96.85
13946,734.45
13947,52.23
13948,98.01
13949,739.93
13950,53.84
13951,97.81
13952,748.92
13953,53.76
13954,98.16
13955,747.77
13956,54.15
13957,96.57
13958,744.82
13959,54.33
13960,99.47
13961,742.13
13962,54.38
13963,99.01
13964,739.21
13965,54.09
13966,100.53
13967,734.58
13968,54.85
13969,100.42
13970,734.28
13971,51.69
13972,100.43
13973,740.8
13974,56.06
13975,98.29
13976,744.04
13977,56.31
13978,98.02
13979,746.36
13980,57.42
13981,96.91
13982,740.59
13983,57.45
13984,96.21
13985,739.25
13986,56.29
13987,104.65
13988,738.8
13989,54.43
13990,106.14
13991,750.58
13992,56.15
13993,105.78
13994,760.8
13995,57.33
13996,106.95
13997,765.49
13998,56.94
13999,104.9
14000,765.54
14001,56.93
14002,107.83
14003,760.17
14004,57.82
14005,108.01
14006,762.53
14007,58.55
14008,108.72
14009,768.11
14010,58.49
14011,109.18
14012,768.53
14013,58.9
14014,109.64
14015,771.52
14016,58.47
14017,108.09
14018,771.58
14019,57.94
14020,108.44
14021,773.17
14022,59.49
14023,108.97
14024,773.45
14025,57.35
14026,111.36
14027,770.54
14028,58.08
14029,109.3
14030,767.09
14031,55.92
14032,109.35
14033,765.28
14034,56.5
14035,108.99
14036,765.07
14037,56.75
14038,109.81
14039,759.86
14040,57.0
14041,108.33
14042,759.07
14043,58.54
14044,109.65
14045,763.69
14046,57.75
14047,107.25
14048,759.42
14049,58.43
14050,107.83
14051,759.45
14052,59.43
14053,106.97
14054,765.95
14055,57.05
14056,106.77
14057,770.84
14058,56.76
14059,106.22
14060,770.21
14061,56.73
14062,106.64
14063,769.31
14064,55.65
14065,107.73
14066,771.27
14067,57.15
14068,109.64
14069,774.87
14070,56.98
14071,109.03
14072,784.89
14073,57.3
14074,109.96
14075,786.94
14076,57.63
14077,105.26
14078,785.51
14079,56.19
14080,104.21
14081,769.39
14082,54.74
14083,106.41
14084,762.54
14085,58.3
14086,109.34
14087,762.65
14088,56.44
14089,111.64
14090,761.78
14091,55.59
14092,114.41
14093,765.19
14094,57.9
14095,114.39
14096,774.13
14097,57.35
14098,113.72
14099,777.24
14100,55.95
14101,113.96
14102,779.88
14103,56.0
14104,112.93
14105,786.76
14106,58.6
14107,114.9
14108,799.01
14109,58.13
14110,112.67
14111,803.75
14112,56.68
14113,112.45
14114,801.28
14115,55.27
14116,112.61
14117,807.89
14118,59.76
14119,114.96
14120,819.51
14121,59.69
14122,111.88
14123,826.68
14124,57.09
14125,113.32
14126,830.79
14127,57.68
14128,112.25
14129,831.85
14130,57.57
14131,113.67
14132,834.53
14133,56.85
14134,113.21
14135,839.53
14136,58.48
14137,114.98
14138,839.58
14139,57.98
14140,114.92
14141,838.33
14142,57.99
14143,116.86
14144,841.28
14145,58.29
14146,116.27
14147,831.82
14148,55.75
14149,117.51
14150,830.4
14151,57.81
14152,117.88
14153,824.39
14154,57.59
14155,118.34
14156,826.88
14157,58.12
14158,118.33
14159,817.6
14160,57.29
14161,118.23
14162,819.18
14163,57.98
14164,118.57
14165,819.75
14166,57.43
14167,118.87
14168,811.72
14169,57.04
14170,118.09
14171,815.22
14172,60.39
14173,119.58
14174,829.32
14175,62.52
14176,119.83
14177,837.45
14178,61.86
14179,115.74
14180,828.82
14181,61.3
14182,114.48
14183,825.34
14184,59.86
14185,113.12
14186,784.69
14187,59.46
14188,113.13
14189,784.41
14190,59.67
14191,112.44
14192,791.77
14193,59.89
14194,111.91
14195,779.33
14196,58.19
14197,109.91
14198,773.95
14199,57.37
14200,108.88
14201,763.97
14202,57.6
14203,110.04
14204,779.47
14205,62.07
14206,111.27
14207,787.01
14208,61.44
14209,111.64
14210,767.96
14211,61.08
14212,108.5
14213,745.21
14214,58.11
14215,108.82
14216,740.64
14217,59.22
14218,106.71
14219,728.71
14220,58.07
14221,107.94
14222,727.71
14223,59.29
14224,110.64
14225,732.04
14226,60.23
14227,110.58
14228,742.25
14229,61.13
14230,110.67
14231,752.33
14232,60.53
14233,112.24
14234,764.29
14235,61.67
14236,112.37
14237,777.01
14238,61.74
14239,112.16
14240,775.04
14241,59.27
14242,113.02
14243,777.48
14244,60.98
14245,112.21
14246,767.75
14247,61.19
14248,112.28
14249,763.15
14250,62.16
14251,109.62
14252,754.82
14253,58.85
14254,109.06
14255,743.45
14256,58.69
14257,109.83
14258,739.98
14259,59.07
14260,108.9
14261,749.05
14262,60.97
14263,110.22
14264,760.07
14265,59.8
14266,112.8
14267,764.12
14268,62.68
14269,112.84
14270,768.97
14271,60.9
14272,114.63
14273,770.3
14274,62.47
14275,114.13
14276,763.86
14277,63.07
14278,115.76
14279,774.31
14280,63.31
14281,115.76
14282,775.56
14283,62.49
14284,116.09
14285,770.89
14286,62.69
14287,116.39
14288,766.35
14289,61.0
14290,117.09
14291,767.59
14292,65.12
14293,116.88
14294,772.15
14295,63.67
14296,117.29
14297,772.96
14298,63.87
14299,115.17
14300,769.63
14301,62.91
14302,116.22
14303,764.25
14304,62.78
14305,118.01
14306,771.36
14307,62.58
14308,116.12
14309,776.96
14310,61.46
14311,116.58
14312,769.36
14313,61.13
14314,114.42
14315,760.06
14316,60.02
14317,115.91
14318,757.98
14319,61.2
14320,115.86
14321,759.32
14322,60.63
14323,117.33
14324,773.57
14325,60.49
14326,118.53
14327,787.88
14328,63.21
14329,119.41
14330,794.85
14331,61.37
14332,119.72
14333,796.16
14334,61.15
14335,120.86
14336,798.07
14337,64.37
14338,119.83
14339,807.36
14340,61.33
14341,119.22
14342,814.87
14343,62.62
14344,122.04
14345,811.45
14346,62.11
14347,120.95
14348,811.18
14349,61.62
14350,121.04
14351,811.98
14352,61.23
14353,121.28
14354,813.75
14355,62.78
14356,121.25
14357,816.06
14358,63.24
14359,120.11
14360,821.0
14361,63.91
14362,123.59
14363,831.27
14364,63.45
14365,122.66
14366,838.2
14367,64.31
14368,122.75
14369,837.85
14370,65.89
14371,123.0
14372,829.68
14373,64.98
14374,121.76
14375,826.2
14376,64.71
14377,128.64
14378,832.88
14379,62.3
14380,129.24
14381,841.87
14382,62.64
14383,129.63
14384,813.44
14385,63.84
14386,130.95
14387,812.28
14388,63.75
14389,131.71
14390,815.04
14391,62.64
14392,132.49
14393,820.22
14394,63.1
14395,133.01
14396,825.5
14397,64.79
14398,132.24
14399,828.97
14400,63.66
14401,133.67
14402,839.23
14403,65.54
14404,135.33
14405,842.97
14406,64.98
14407,135.32
14408,845.72
14409,64.32
14410,135.31
14411,846.75
14412,62.92
14413,136.75
14414,848.94
14415,64.61
14416,137.66
14417,856.93
14418,63.83
14419,138.24
14420,858.78
14421,64.13
14422,136.67
14423,855.91
14424,65.16
14425,137.27
14426,846.33
14427,64.86
14428,138.29
14429,848.38
14430,62.0
14431,138.68
14432,850.65
14433,63.0
14434,141.1
14435,854.96
14436,67.21
14437,139.41
14438,853.33
14439,61.79
14440,141.3
14441,851.57
14442,64.13
14443,140.87
14444,847.06
14445,64.14
14446,140.7
14447,847.07
14448,64.19
14449,138.83
14450,851.17
14451,66.3
14452,140.19
14453,854.12
14454,64.35
14455,140.76
14456,856.47
14457,64.53
14458,141.44
14459,857.09
14460,64.01
14461,140.24
14462,853.53
14463,63.49
14464,142.37
14465,854.92
14466,65.32
14467,142.01
14468,856.71
14469,64.58
14470,140.64
14471,856.95
14472,65.04
14473,144.18
14474,860.24
14475,64.95
14476,139.42
14477,850.76
14478,61.07
14479,142.08
14480,848.37
14481,65.73
14482,141.36
14483,849.7
14484,64.34
14485,140.29
14486,849.37
14487,63.95
14488,141.39
14489,842.63
14490,65.15
14491,145.09
14492,851.02
14493,65.72
14494,144.89
14495,864.78
14496,66.87
14497,145.45
14498,871.29
14499,66.67
14500,145.05
14501,880.35
14502,66.34
14503,145.13
14504,885.98
14505,65.44
14506,147.14
14507,896.15
14508,66.98
14509,144.38
14510,908.96
14511,64.35
14512,142.92
14513,904.06
14514,65.75
14515,143.13
14516,897.63
14517,65.04
14518,143.08
14519,903.22
14520,64.22
14521,142.69
14522,905.74
14523,65.12
14524,142.82
14525,903.27
14526,64.3
14527,141.01
14528,891.16
14529,62.54
14530,142.46
14531,895.93
14532,65.58
14533,141.41
14534,903.71
14535,64.28
14536,139.26
14537,905.13
14538,61.62
14539,143.73
14540,902.96
14541,64.65
14542,142.39
14543,902.54
14544,66.03
14545,144.07
14546,911.01
14547,67.2
14548,145.49
14549,912.01
14550,68.09
14551,143.75
14552,913.63
14553,67.45
14554,144.42
14555,919.2
14556,68.38
14557,143.78
14558,941.56
14559,67.76
14560,147.72
14561,944.19
14562,70.28
14563,148.85
14564,947.81
14565,68.8
14566,148.47
14567,944.47
14568,69.1
14569,147.75
14570,943.93
14571,68.56
14572,150.5
14573,939.95
14574,68.34
14575,152.51
14576,947.34
14577,68.27
14578,153.94
14579,954.95
14580,69.72
14581,153.7
14582,952.66
14583,69.81
14584,154.66
14585,949.26
14586,67.13
14587,156.6
14588,957.76
14589,66.79
14590,156.23
14591,959.9
14592,68.81
14593,155.97
14594,965.14
14595,71.64
14596,150.68
14597,950.65
14598,64.92
14599,152.11
14600,951.63
14601,67.15
14602,153.06
14603,960.41
14604,67.1
14605,154.28
14606,966.29
14607,68.79
14608,154.01
14609,970.27
14610,69.5
14611,153.26
14612,975.83
14613,69.56
14614,153.9
14615,988.76
14616,69.69
14617,153.93
14618,993.19
14619,70.51
14620,153.89
14621,996.07
14622,71.21
14623,151.95
14624,990.45
14625,69.34
14626,153.63
14627,992.09
14628,69.92
14629,157.65
14630,999.77
14631,72.76
14632,153.9
14633,1003.45
14634,71.84
14635,155.01
14636,1005.33
14637,72.08
14638,156.12
14639,1006.97
14640,72.19
14641,155.43
14642,1010.56
14643,71.29
14644,150.76
14645,963.78
14646,70.99
14647,147.64
14648,956.17
14649,70.25
14650,147.35
14651,963.23
14652,71.13
14653,146.2
14654,971.72
14655,70.73
14656,144.78
14657,956.76
14658,70.53
14659,143.1
14660,984.71
14661,70.95
14662,147.21
14663,1005.33
14664,72.2
14665,146.67
14666,1003.05
14667,70.29
14668,147.5
14669,1003.2
14670,71.48
14671,146.92
14672,1004.68
14673,70.96
14674,147.63
14675,1005.8
14676,73.85
14677,146.44
14678,1004.99
14679,69.97
14680,144.57
14681,989.41
14682,67.96
14683,146.41
14684,982.23
14685,69.5
14686,144.48
14687,979.42
14688,67.8
14689,144.51
14690,977.53
14691,68.58
14692,143.4
14693,965.21
14694,66.7
14695,144.56
14696,966.78
14697,69.04
14698,142.7
14699,966.31
14700,67.71
14701,145.34
14702,973.11
14703,69.36
14704,145.12
14705,988.26
14706,69.56
14707,146.31
14708,993.18
14709,69.38
14710,146.85
14711,1004.13
14712,71.37
14713,148.57
14714,1005.14
14715,72.16
14716,149.71
14717,1005.06
14718,72.54
14719,150.32
14720,1011.44
14721,73.62
14722,151.12
14723,1018.75
14724,73.71
14725,152.42
14726,1025.89
14727,74.08
14728,151.48
14729,1031.11
14730,74.99
14731,151.48
14732,1022.34
14733,74.28
14734,154.08
14735,1032.72
14736,73.84
14737,153.69
14738,1036.43
14739,75.66
14740,154.64
14741,1045.25
14742,74.57
14743,150.71
14744,1064.95
14745,72.78
14746,149.87
14747,1025.33
14748,72.33
14749,149.04
14750,1011.49
14751,71.14
14752,150.11
14753,1004.38
14754,70.91
14755,158.28
14756,1009.23
14757,72.07
14758,157.51
14759,1007.36
14760,71.91
14761,157.86
14762,1002.89
14763,72.92
14764,159.89
14765,1004.24
14766,71.62
14767,161.23
14768,1002.51
14769,73.73
14770,161.95
14771,993.69
14772,72.11
14773,156.08
14774,976.08
14775,69.82
14776,157.91
14777,973.16
14778,73.28
14779,160.98
14780,985.21
14781,74.62
14782,162.94
14783,993.9
14784,73.29
14785,161.85
14786,985.66
14787,74.39
14788,158.41
14789,973.78
14790,71.1
14791,157.11
14792,965.35
14793,71.6
14794,157.77
14795,958.1
14796,71.61
14797,160.53
14798,961.37
14799,73.89
14800,161.28
14801,960.01
14802,72.2
14803,159.82
14804,951.92
14805,72.82
14806,160.74
14807,951.92
14808,72.79
14809,162.41
14810,948.96
14811,72.76
14812,164.07
14813,945.93
14814,74.77
14815,164.59
14816,958.49
14817,75.68
14818,165.08
14819,971.91
14820,75.93
14821,165.06
14822,978.18
14823,74.3
14824,162.68
14825,966.43
14826,74.26
14827,162.81
14828,964.99
14829,73.26
14830,162.1
14831,973.41
14832,75.94
14833,159.36
14834,968.31
14835,74.7
14836,162.5
14837,973.04
14838,75.89
14839,162.12
14840,978.14
14841,74.62
14842,161.0
14843,989.2
14844,76.36
14845,159.17
14846,991.4
14847,74.09
14848,160.73
14849,988.74
14850,76.56
14851,159.32
14852,978.56
14853,74.53
14854,159.63
14855,975.57
14856,75.47
14857,158.37
14858,972.11
14859,74.0
14860,155.67
14861,970.26
14862,72.59
14863,153.84
14864,962.03
14865,73.61
14866,152.47
14867,945.58
14868,72.66
14869,154.1
14870,943.37
14871,72.24
14872,155.97
14873,949.32
14874,73.84
14875,155.45
14876,953.38
14877,74.37
14878,155.73
14879,959.33
14880,74.98
14881,155.24
14882,958.28
14883,74.65
14884,156.35
14885,957.41
14886,73.23
14887,154.98
14888,959.98
14889,75.75
14890,157.68
14891,972.05
14892,76.99
14893,157.78
14894,982.98
14895,77.0
14896,157.67
14897,989.5
14898,76.99
14899,156.78
14900,988.22
14901,76.5
14902,157.19
14903,989.59
14904,77.16
14905,156.34
14906,997.82
14907,78.24
14908,157.99
14909,1001.11
14910,78.05
14911,161.14
14912,1004.65
14913,78.67
14914,161.44
14915,1006.7
14916,78.44
14917,160.91
14918,1009.8
14919,78.15
14920,156.18
14921,994.83
14922,79.96
14923,156.36
14924,994.98
14925,79.27
14926,156.46
14927,980.73
14928,78.44
14929,157.4
14930,978.17
14931,79.06
14932,156.14
14933,982.06
14934,79.23
14935,157.68
14936,983.41
14937,78.18
14938,162.49
14939,1074.46
14940,83.4
14941,166.1
14942,1099.61
14943,84.24
14944,168.64
14945,1107.49
14946,83.49
14947,167.94
14948,1105.19
14949,83.78
14950,168.83
14951,1098.02
14952,83.3
14953,173.08
14954,1101.6
14955,84.91
14956,174.65
14957,1113.59
14958,85.48
14959,175.05
14960,1120.6
14961,83.43
14962,175.95
14963,1126.22
14964,84.97
14965,175.66
14966,1125.41
14967,84.03
14968,174.63
14969,1123.46
14970,83.63
14971,173.23
14972,1128.29
14973,84.2
14974,170.96
14975,1132.14
14976,85.07
14977,169.08
14978,1130.63
14979,82.08
14980,171.56
14981,1137.87
14982,83.22
14983,170.18
14984,1135.74
14985,81.52
14986,169.91
14987,1131.05
14988,81.99
14989,174.18
14990,1138.59
14991,86.08
14992,175.56
14993,1152.01
14994,82.77
14995,176.24
14996,1171.92
14997,83.41
14998,175.62
14999,1196.77
15000,85.62
15001,173.83
15002,1200.2
15003,85.82
15004,170.96
15005,1170.99
15006,81.89
15007,172.2
15008,1165.44
15009,84.5
15010,170.89
15011,1160.98
15012,84.39
15013,170.27
15014,1148.86
15015,80.26
15016,170.21
15017,1135.72
15018,80.95
15019,169.06
15020,1136.95
15021,82.46
15022,169.08
15023,1148.78
15024,81.39
15025,169.4
15026,1162.93
15027,84.94
15028,172.45
15029,1162.2
15030,85.72
15031,172.14
15032,1164.62
15033,85.37
15034,172.88
15035,1167.83
15036,85.95
15037,173.01
15038,1174.11
15039,84.7
15040,175.03
15041,1179.1
15042,87.78
15043,176.81
15044,1188.51
15045,85.89
15046,175.18
15047,1191.67
15048,85.57
15049,174.61
15050,1187.5
15051,84.99
15052,176.04
15053,1177.72
15054,84.6
15055,175.54
15056,1174.18
15057,84.87
15058,170.93
15059,1171.98
15060,85.56
15061,170.37
15062,1180.89
15063,85.7
15064,170.69
15065,1186.53
15066,85.67
15067,169.23
15068,1174.2
15069,85.01
15070,173.96
15071,1178.32
15072,85.38
15073,172.12
15074,1191.03
15075,87.08
15076,173.19
15077,1202.05
15078,86.6
15079,176.23
15080,1215.49
15081,88.25
15082,175.36
15083,1234.58
15084,88.51
15085,174.75
15086,1245.65
15087,88.2
15088,176.04
15089,1244.7
15090,88.11
15091,176.93
15092,1261.05
15093,88.47
15094,178.85
15095,1280.61
15096,91.03
15097,177.48
15098,1311.41
15099,87.43
15100,180.14
15101,1307.86
15102,91.06
15103,180.24
15104,1301.55
15105,90.75
15106,179.47
15107,1308.49
15108,89.9
15109,177.89
15110,1315.79
15111,92.38
15112,178.08
15113,1346.59
15114,91.54
15115,175.35
15116,1368.98
15117,90.3
15118,173.22
15119,1375.34
15120,91.9
15121,172.48
15122,1395.27
15123,93.85
15124,169.82
15125,1416.01
15126,92.62
15127,168.05
15128,1413.12
15129,91.81
15130,168.32
15131,1442.77
15132,95.36
15133,168.53
15134,1407.61
15135,93.85
15136,163.16
15137,1443.78
15138,90.97
15139,159.96
15140,1369.82
15141,88.35
15142,160.16
15143,1355.41
15144,89.89
15145,160.22
15146,1391.63
15147,89.26
15148,156.86
15149,1361.47
15150,85.62
15151,155.84
15152,1299.34
15153,86.77
15154,160.42
15155,1305.37
15156,87.65
15157,162.43
15158,1334.31
15159,88.46
15160,165.07
15161,1365.21
15162,90.06
15163,169.31
15164,1402.3
15165,90.82
15166,170.89
15167,1406.56
15168,91.2
15169,171.6
15170,1428.49
15171,92.9
15172,171.27
15173,1454.05
15174,91.53
15175,171.12
15176,1456.53
15177,91.26
15178,173.9
15179,1463.17
15180,94.59
15181,176.94
15182,1488.11
15183,95.52
15184,176.75
15185,1497.46
15186,93.47
15187,177.26
15188,1501.66
15189,93.46
15190,173.64
15191,1473.4
15192,91.92
15193,174.15
15194,1455.84
15195,92.41
15196,175.51
15197,1478.93
15198,93.39
15199,176.31
15200,1505.65
15201,92.59
15202,174.3
15203,1507.46
15204,93.72
15205,176.9
15206,1521.54
15207,94.37
15208,180.36
15209,1544.51
15210,96.87
15211,182.51
15212,1571.3
15213,97.32
15214,181.6
15215,1587.87
15216,93.77
15217,180.03
15218,1587.16
15219,93.05
15220,179.32
15221,1578.27
15222,94.02
15223,178.64
15224,1570.27
15225,94.43
15226,176.58
15227,1536.09
15228,92.48
15229,175.52
15230,1547.66
15231,92.57
15232,172.17
15233,1562.08
15234,91.24
15235,169.96
15236,1546.87
15237,89.3
15238,167.0
15239,1508.98
15240,87.57
15241,171.56
15242,1515.74
15243,93.18
15244,170.6
15245,1540.04
15246,89.66
15247,168.09
15248,1451.85
15249,89.11
15250,168.79
15251,1421.03
15252,90.65
15253,167.71
15254,1412.12
15255,88.18
15256,169.19
15257,1411.22
15258,89.47
15259,172.65
15260,1401.73
15261,93.2
15262,173.4
15263,1442.9
15264,92.14
15265,169.72
15266,1429.46
15267,90.03
15268,171.08
15269,1431.06
15270,90.94
15271,174.27
15272,1433.46
15273,93.0
15274,173.35
15275,1441.58
15276,92.03
15277,175.03
15278,1452.22
15279,93.83
15280,175.26
15281,1446.52
15282,92.81
15283,176.07
15284,1443.64
15285,94.0
15286,178.55
15287,1484.69
15288,96.12
15289,178.76
15290,1511.68
15291,96.91
15292,172.53
15293,1536.94
15294,96.0
15295,167.45
15296,1532.62
15297,94.68
15298,166.46
15299,1526.02
15300,95.31
15301,164.28
15302,1491.99
15303,92.54
15304,163.88
15305,1449.93
15306,92.56
15307,163.88
15308,1484.61
15309,94.71
15310,161.94
15311,1588.22
15312,96.23
15313,165.0
15314,1585.41
15315,94.5
15316,167.79
15317,1573.83
15318,95.46
15319,175.24
15320,1576.99
15321,92.92
15322,177.08
15323,1562.59
15324,93.86
15325,181.42
15326,1570.04
15327,95.77
15328,184.27
15329,1589.13
15330,96.49
15331,185.02
15332,1590.67
15333,95.91
15334,187.11
15335,1608.88
15336,98.13
15337,189.13
15338,1614.03
15339,98.89
15340,188.6
15341,1605.31
15342,98.59
15343,189.06
15344,1608.69
15345,98.93
15346,185.6
15347,1582.51
15348,98.32
15349,187.88
15350,1581.61
15351,97.47
15352,187.42
15353,1581.99
15354,96.15
15355,186.39
15356,1580.88
15357,96.04
15358,188.03
15359,1587.68
15360,98.82
15361,186.7
15362,1589.28
15363,97.97
15364,188.96
15365,1594.84
15366,100.07
15367,188.84
15368,1603.84
15369,98.6
15370,189.53
15371,1611.37
15372,98.67
15373,188.76
15374,1615.48
15375,98.38
15376,188.26
15377,1622.69
15378,99.88
15379,187.1
15380,1630.33
15381,98.76
15382,192.61
15383,1641.41
15384,101.57
15385,193.15
15386,1656.37
15387,102.04
15388,194.45
15389,1680.75
15390,102.32
15391,195.44
15392,1697.55
15393,102.75
15394,195.44
15395,1693.84
15396,100.15
15397,192.53
15398,1686.46
15399,101.47
15400,192.22
15401,1687.27
15402,100.63
15403,193.72
15404,1695.17
15405,101.12
15406,191.66
15407,1706.71
15408,99.83
15409,192.13
15410,1717.11
15411,100.92
15412,189.48
15413,1717.87
15414,97.95
15415,189.41
15416,1715.05
15417,101.27
15418,186.61
15419,1721.65
15420,101.01
15421,187.25
15422,1742.35
15423,102.49
15424,186.44
15425,1736.72
15426,100.72
15427,185.88
15428,1734.34
15429,100.02
15430,183.78
15431,1677.82
15432,98.69
15433,185.08
15434,1671.06
15435,99.35
15436,184.11
15437,1686.23
15438,96.79
15439,185.73
15440,1681.84
15441,97.92
15442,185.93
15443,1703.17
15444,97.39
15445,187.73
15446,1688.65
15447,99.83
15448,184.62
15449,1706.99
15450,97.63
15451,186.25
15452,1699.77
15453,98.81
15454,189.5
15455,1699.42
15456,100.94
15457,191.55
15458,1723.19
15459,102.3
15460,191.73
15461,1736.82
15462,102.2
15463,188.65
15464,1747.75
15465,102.48
15466,191.69
15467,1772.93
15468,103.74
15469,192.7
15470,1797.83
15471,105.45
15472,191.96
15473,1818.13
15474,104.96
15475,192.57
15476,1811.8
15477,106.04
15478,190.03
15479,1823.55
15480,104.89
15481,193.39
15482,1811.74
15483,103.77
15484,192.98
15485,1811.96
15486,106.71
15487,192.8
15488,1784.72
15489,109.29
15490,194.45
15491,1805.54
15492,108.1
15493,196.59
15494,1824.95
15495,110.83
15496,195.65
15497,1813.82
15498,109.13
15499,191.68
15500,1845.41
15501,106.81
15502,191.04
15503,1811.46
15504,105.37
15505,191.05
15506,1783.18
15507,105.95
15508,201.69
15509,1778.79
15510,105.82
15511,205.94
15512,1801.93
15513,107.78
15514,207.18
15515,1821.98
15516,108.75
15517,208.57
15518,1829.28
15519,108.98
15520,208.4
15521,1849.39
15522,109.97
15523,208.07
15524,1870.69
15525,111.33
15526,209.6
15527,1892.09
15528,111.43
15529,207.84
15530,1892.29
15531,109.98
15532,209.23
15533,1909.12
15534,107.79
15535,209.79
15536,1921.06
15537,110.92
15538,210.69
15539,1900.66
15540,107.79
15541,213.12
15542,1899.83
15543,107.06
15544,216.01
15545,1875.86
15546,107.06
15547,216.17
15548,1880.3
15549,105.84
15550,216.14
15551,1881.59
15552,105.22
15553,215.64
15554,1886.58
15555,107.14
15556,215.43
15557,1901.05
15558,107.46
15559,216.24
15560,1907.4
15561,108.74
15562,218.96
15563,1919.74
15564,110.1
15565,219.59
15566,1932.08
15567,110.37
15568,222.48
15569,1971.68
15570,112.14
15571,224.72
15572,1997.79
15573,112.24
15574,227.12
15575,2006.24
15576,112.75
15577,228.25
15578,2027.63
15579,112.36
15580,227.17
15581,2018.4
15582,108.33
15583,223.71
15584,1979.32
15585,108.82
15586,221.27
15587,1954.94
15588,108.33
15589,218.93
15590,1956.65
15591,109.57
15592,221.82
15593,1957.26
15594,112.62
15595,222.43
15596,1984.1
15597,112.4
15598,226.36
15599,1997.16
15600,112.91
15601,225.67
15602,1983.05
15603,114.16
15604,220.16
15605,1925.42
15606,112.21
15607,219.32
15608,1916.62
15609,114.6
15610,219.25
15611,1916.83
15612,111.24
15613,221.15
15614,1928.15
15615,114.91
15616,219.67
15617,1925.6
15618,114.67
15619,220.77
15620,1885.65
15621,115.03
15622,221.77
15623,1921.19
15624,114.31
15625,220.23
15626,1941.78
15627,113.73
15628,225.59
15629,1969.28
15630,114.37
15631,226.41
15632,1981.75
15633,115.34
15634,228.15
15635,1997.2
15636,116.79
15637,230.26
15638,1973.74
15639,115.18
15640,232.06
15641,1958.48
15642,114.49
15643,228.66
15644,1916.84
15645,112.62
15646,226.07
15647,1883.09
15648,112.31
15649,224.33
15650,1854.89
15651,111.53
15652,226.19
15653,1849.44
15654,112.47
15655,220.25
15656,1786.46
15657,107.56
15658,216.75
15659,1715.94
15660,106.29
15661,221.22
15662,1764.39
15663,108.76
15664,219.82
15665,1766.86
15666,107.55
15667,222.06
15668,1785.31
15669,111.01
15670,222.35
15671,1817.17
15672,111.08
15673,216.46
15674,1793.85
15675,108.53
15676,219.42
15677,1779.86
15678,109.3
15679,221.24
15680,1780.87
15681,110.02
15682,219.3
15683,1739.19
15684,108.18
15685,216.85
15686,1709.48
15687,103.84
15688,219.33
15689,1716.91
15690,107.79
15691,215.38
15692,1635.39
15693,105.97
15694,212.29
15695,1568.77
15696,102.41
15697,212.32
15698,1524.36
15699,103.02
15700,217.02
15701,1575.52
15702,105.91
15703,219.4
15704,1626.96
15705,105.51
15706,207.34
15707,1670.49
15708,106.22
15709,201.39
15710,1634.68
15711,107.31
15712,201.85
15713,1627.67
15714,106.94
15715,206.42
15716,1699.76
15717,111.1
15718,208.28
15719,1741.72
15720,111.5
15721,204.36
15722,1730.06
15723,109.16
15724,194.92
15725,1666.51
15726,106.26
15727,192.94
15728,1647.59
15729,106.72
15730,189.48
15731,1632.78
15732,105.04
15733,190.04
15734,1581.15
15735,106.38
15736,191.68
15737,1575.22
15738,107.37
15739,186.46
15740,1524.95
15741,103.09
15742,179.07
15743,1447.13
15744,100.79
15745,178.29
15746,1482.94
15747,101.89
15748,174.55
15749,1475.27
15750,101.53
15751,174.87
15752,1518.12
15753,105.61
15754,174.6
15755,1544.04
15756,106.82
15757,179.93
15758,1607.34
15759,109.38
15760,181.78
15761,1637.56
15762,109.72
15763,181.54
15764,1655.09
15765,111.04
15766,186.65
15767,1730.21
15768,112.8
15769,179.75
15770,1695.55
15771,108.56
15772,174.95
15773,1627.62
15774,108.8
15775,170.99
15776,1650.54
15777,105.74
15778,167.63
15779,1616.11
15780,106.38
15781,168.88
15782,1644.59
15783,108.87
15784,170.03
15785,1658.68
15786,109.62
15787,170.81
15788,1655.69
15789,109.74
15790,166.2
15791,1610.54
15792,106.02
15793,164.06
15794,1541.69
15795,102.75
15796,165.39
15797,1530.9
15798,103.14
15799,161.1
15800,1507.62
15801,103.46
15802,158.5
15803,1468.82
15804,102.2
15805,153.92
15806,1412.85
15807,100.07
15808,150.1
15809,1354.42
15810,97.22
15811,154.53
15812,1391.32
15813,100.19
15814,156.03
15815,1424.46
15816,101.01
15817,158.31
15818,1463.47
15819,102.24
15820,159.78
15821,1490.09
15822,103.34
15823,158.07
15824,1499.67
15825,102.09
15826,144.31
15827,1515.61
15828,98.53
15829,147.23
15830,1552.17
15831,103.82
15832,147.87
15833,1594.46
15834,103.08
15835,150.05
15836,1642.35
15837,103.19
15838,153.66
15839,1653.77
15840,104.73
15841,154.12
15842,1632.11
15843,103.59
15844,152.87
15845,1629.84
15846,101.83
15847,150.95
15848,1600.23
15849,101.62
15850,154.34
15851,1622.94
15852,106.33
15853,155.95
15854,1658.61
15855,106.13
15856,157.15
15857,1666.82
15858,106.91
15859,158.11
15860,1686.91
15861,108.46
15862,153.94
15863,1631.16
15864,106.11
15865,153.84
15866,1628.01
15867,107.01
15868,153.8
15869,1628.39
15870,106.47
15871,159.34
15872,1654.29
15873,108.05
15874,157.64
15875,1622.29
15876,104.84
15877,156.91
15878,1604.89
15879,103.23
15880,165.85
15881,1631.85
15882,106.92
15883,167.96
15884,1685.7
15885,104.31
15886,168.4
15887,1641.11
15888,102.39
15889,170.98
15890,1629.61
15891,106.62
15892,173.59
15893,1644.21
15894,107.83
15895,174.6
15896,1653.38
15897,106.76
15898,172.55
15899,1620.77
15900,105.98
15901,169.7
15902,1587.4
15903,105.9
15904,169.62
15905,1599.06
15906,105.08
15907,171.28
15908,1620.46
15909,108.64
15910,171.2
15911,1645.75
15912,107.1
15913,171.56
15914,1615.79
15915,107.22
15916,170.63
15917,1617.99
15918,109.38
15919,172.01
15920,1616.02
15921,109.26
15922,173.05
15923,1623.38
15924,106.79
15925,171.7
15926,1617.46
15927,111.31
15928,174.97
15929,1626.98
15930,111.72
15931,176.13
15932,1642.67
15933,112.32
15934,175.54
15935,1632.25
15936,112.79
15937,176.43
15938,1635.79
15939,112.54
15940,173.66
15941,1639.72
15942,112.1
15943,176.14
15944,1662.12
15945,112.9
15946,177.16
15947,1689.58
15948,112.23
15949,176.76
15950,1697.06
15951,111.77
15952,176.33
15953,1682.85
15954,111.98
15955,173.55
15956,1646.46
15957,109.69
15958,173.59
15959,1604.55
15960,110.23
15961,180.7
15962,1631.62
15963,114.3
15964,182.22
15965,1655.57
15966,114.76
15967,183.5
15968,1675.16
15969,115.36
15970,185.11
15971,1682.54
15972,115.58
15973,186.94
15974,1699.33
15975,116.19
15976,188.5
15977,1724.87
15978,118.17
15979,187.84
15980,1754.11
15981,118.0
15982,188.59
15983,1772.3
15984,117.71
15985,193.22
15986,1795.12
15987,120.15
15988,192.69
15989,1789.07
15990,116.12
15991,190.36
15992,1764.75
15993,117.0
15994,188.61
15995,1783.04
15996,117.82
15997,188.64
15998,1767.36
15999,116.58
16000,188.92
16001,1766.94
16002,117.08
16003,190.42
16004,1780.37
16005,118.95
16006,191.75
16007,1799.92
16008,119.67
16009,194.27
16010,1808.72
16011,119.92
16012,195.3
16013,1821.07
16014,120.4
16015,196.89
16016,1819.27
16017,119.55
16018,198.33
16019,1828.87
16020,121.06
16021,200.66
16022,1841.09
16023,121.02
16024,200.7
16025,1843.44
16026,119.44
16027,201.74
16028,1844.65
16029,121.73
16030,200.4
16031,1848.29
16032,121.22
16033,199.62
16034,1849.83
16035,122.44
16036,200.14
16037,1837.17
16038,122.08
16039,201.05
16040,1852.3
16041,120.99
16042,203.86
16043,1861.56
16044,123.82
16045,204.65
16046,1864.85
16047,124.39
16048,205.11
16049,1872.44
16050,124.49
16051,207.32
16052,1902.09
16053,126.0
16054,207.61
16055,1912.87
16056,125.57
16057,205.72
16058,1916.4
16059,129.14
16060,204.54
16061,1937.21
16062,130.1
16063,204.87
16064,1945.08
16065,129.88
16066,201.1
16067,1928.01
16068,130.75
16069,211.29
16070,1931.3
16071,126.51
16072,210.36
16073,1906.37
16074,126.0
16075,211.67
16076,1947.04
16077,129.37
16078,206.77
16079,1927.09
16080,127.64
16081,203.14
16082,1925.19
16083,124.77
16084,202.74
16085,1920.86
16086,125.03
16087,200.2
16088,1895.04
16089,124.92
16090,197.1
16091,1883.38
16092,127.73
16093,187.94
16094,1842.91
16095,123.83
16096,187.95
16097,1844.74
16098,125.03
16099,188.74
16100,1853.05
16101,126.33
16102,189.38
16103,1894.69
16104,129.62
16105,188.65
16106,1889.96
16107,128.85
16108,182.56
16109,1860.67
16110,125.99
16111,185.19
16112,1869.97
16113,126.63
16114,183.3
16115,1866.9
16116,127.9
16117,180.07
16118,1831.12
16119,126.05
16120,179.77
16121,1828.81
16122,126.46
16123,179.21
16124,1834.78
16125,126.09
16126,177.87
16127,1819.23
16128,124.89
16129,177.94
16130,1821.29
16131,126.14
16132,174.62
16133,1786.21
16134,123.24
16135,173.78
16136,1712.8
16137,120.94
16138,178.22
16139,1705.24
16140,123.33
16141,181.69
16142,1728.53
16143,125.69
16144,183.5
16145,1736.76
16146,127.15
16147,187.9
16148,1770.78
16149,130.57
16150,190.62
16151,1834.92
16152,131.73
16153,193.01
16154,1862.97
16155,131.89
16156,193.56
16157,1854.32
16158,132.34
16159,193.22
16160,1864.43
16161,132.88
